Workbook

Sheet Participants
B1: ID | C1: Grp | D1: Age | E1: Height | F1: Weight | G1: TS | H1: TTH | I1: IMC | J1: MEQ
A2: CG_1 | B2: 1 | C2: CG | D2: 24 | E2: 185 | F2: 75 | G2: 5 | H2: 60 | I2: =F2/((E2/100)*(E2/100)) -> 21.913806 | J2: 42
A3: CG_2 | B3: 2 | C3: CG | D3: 25 | E3: 170 | F3: 66 | G3: 4 | H3: 90 | I3: =F3/((E3/100)*(E3/100)) -> 22.83737 | J3: 57
A4: CG_3 | B4: 3 | C4: CG | D4: 22 | E4: 185 | F4: 65 | G4: 3 | H4: 120 | I4: =F4/((E4/100)*(E4/100)) -> 18.991965 | J4: 47
A5: CG_4 | B5: 4 | C5: CG | D5: 21 | E5: 173 | F5: 67 | G5: 4 | H5: 60 | I5: =F5/((E5/100)*(E5/100)) -> 22.386314 | J5: 58
A6: CG_5 | B6: 5 | C6: CG | D6: 21 | E6: 178 | F6: 102 | G6: 5 | H6: 60 | I6: =F6/((E6/100)*(E6/100)) -> 32.192905 | J6: 42
A7: CG_6 | B7: 6 | C7: CG | D7: 21 | E7: 163 | F7: 58 | G7: 5 | H7: 60 | I7: =F7/((E7/100)*(E7/100)) -> 21.829952 | J7: 55
A8: CG_7 | B8: 7 | C8: CG | D8: 20 | E8: 171 | F8: 73 | G8: 5 | H8: 90 | I8: =F8/((E8/100)*(E8/100)) -> 24.964946 | J8: 43
A9: CG_8 | B9: 8 | C9: CG | D9: 22 | E9: 184 | F9: 79 | G9: 5 | H9: 90 | I9: =F9/((E9/100)*(E9/100)) -> 23.334121 | J9: 45
A10: CG_9 | B10: 9 | C10: CG | D10: 23 | E10: 155 | F10: 46 | G10: 6 | H10: 60 | I10: =F10/((E10/100)*(E10/100)) -> 19.146722 | J10: 54
A11: CG_10 | B11: 10 | C11: CG | D11: 21 | E11: 194 | F11: 78 | G11: 6 | H11: 60 | I11: =F11/((E11/100)*(E11/100)) -> 20.724838 | J11: 48
A12: CG_11 | B12: 11 | C12: CG | D12: 21 | E12: 188 | F12: 88 | G12: 6 | H12: 45 | I12: =F12/((E12/100)*(E12/100)) -> 24.898144 | J12: 52
A13: SH_1 | B13: 12 | C13: SH | D13: 23 | E13: 175 | F13: 74 | G13: 4 | H13: 90 | I13: =F13/((E13/100)*(E13/100)) -> 24.163265 | J13: 55
... A38: SLEO_10 | B38: 37 | C38: SLEO | D38: 21 | E38: 178 | F38: 102 | G38: 5 | H38: 45 | I38: =F38/((E38/100)*(E38/100)) -> 32.192905 | J38: 57

Sheet Actigraphy_data
A1: d | B1: In_Bed | C1: Out_Bed | D1: Latency | E1: Efficiency | F1: TTB | G1: TST | H1: WASO | I1: N_AW | J1: AW | K1: Group | L1: ID
A2: CG1 | B2: 36525 | C2: 36525.325 | D2: 2 | E2: 73.59 | F2: 513.29 | G2: 378.57 | H2: 132.71 | I2: 36.43 | J2: 3.64 | K2: C-G | L2: 1
A3: CG2 | B3: 36524.922 | C3: 36525.324 | D3: 1.14 | E3: 87.29 | F3: 579.71 | G3: 501.29 | H3: 77.29 | I3: 27 | J3: 2.86 | K3: C-G | L3: 2
A4: CG3 | B4: 36524.983 | C4: 36525.281 | D4: 0.43 | E4: 91.19 | F4: 429.86 | G4: 392.14 | H4: 37.29 | I4: 10.43 | J4: 3.58 | K4: C-G | L4: 3
A5: CG4 | B5: 36524.928 | C5: 36525.358 | D5: 2.5 | E5: 92.25 | F5: 617.83 | G5: 566 | H5: 51.33 | I5: 22.67 | J5: 2.26 | K5: C-G | L5: 4
A6: CG5 | B6: 36524.983 | C6: 36525.319 | D6: 2.71 | E6: 89.47 | F6: 484 | G6: 426.86 | H6: 54.43 | I6: 18.71 | J6: 2.91 | K6: C-G | L6: 5
A7: CG6 | B7: 36524.967 | C7: 36525.262 | D7: 1 | E7: 90.35 | F7: 426.29 | G7: 382.86 | H7: 42.43 | I7: 20.29 | J7: 2.09 | K7: C-G | L7: 6
A8: CG7 | B8: 36524.981 | C8: 36525.344 | D8: 1.29 | E8: 89.21 | F8: 523 | G8: 465.14 | H8: 56.57 | I8: 22.43 | J8: 2.52 | K8: C-G | L8: 7
A9: CG8 | B9: 36525.017 | C9: 36525.36 | D9: 4 | E9: 85.09 | F9: 493 | G9: 423.86 | H9: 65.14 | I9: 21.71 | J9: 3 | K9: C-G | L9: 8
A10: CG9 | B10: 36524.951 | C10: 36525.308 | D10: 2.14 | E10: 85.96 | F10: 514.71 | G10: 442.14 | H10: 70.43 | I10: 25.57 | J10: 2.75 | K10: C-G | L10: 9
A11: CG10 | B11: 36524.999 | C11: 36525.356 | D11: 2.17 | E11: 87.83 | F11: 514.17 | G11: 451.67 | H11: 62.33 | I11: 21.5 | J11: 2.9 | K11: C-G | L11: 10
A12: CG11 | B12: 36525.015 | C12: 36525.35 | D12: 1.67 | E12: 87.79 | F12: 483.33 | G12: 421.83 | H12: 59.83 | I12: 24.33 | J12: 2.46 | K12: C-G | L12: 11
A13: SH1 | B13: 36525.097 | C13: 36525.375 | D13: 0.49 | E13: 86.16 | F13: 400.43 | G13: 343.43 | H13: 56.71 | I13: 21.29 | J13: 2.66 | K13: SHE-G | L13: 12
... A38: SL10 | B38: 36525.004 | C38: 36525.311 | D38: 1.5 | E38: 90.72 | F38: 442.63 | G38: 404.13 | H38: 36.5 | I38: 13.88 | J38: 2.63 | K38: CSL-G | L38: 37

Sheet Hooper_st
A1: ID | B1: Grp | C1: Pre | D1: Post | E1: D
A2: 1 | B2: CG | C2: 3 | D2: 2 | E2: =((D2-C2)/D2)*100 -> -50
A3: 2 | B3: CG | C3: 1 | D3: 2 | E3: =((D3-C3)/D3)*100 -> 50
A4: 3 | B4: CG | C4: 3 | D4: 4 | E4: =((D4-C4)/D4)*100 -> 25
A5: 4 | B5: CG | C5: 4 | D5: 3 | E5: =((D5-C5)/D5)*100 -> -33.333333
A6: 5 | B6: CG | C6: 4 | D6: 3 | E6: =((D6-C6)/D6)*100 -> -33.333333
A7: 6 | B7: CG | C7: 7 | D7: 7 | E7: =((D7-C7)/D7)*100 -> 0
A8: 7 | B8: CG | C8: 1 | D8: 1 | E8: =((D8-C8)/D8)*100 -> 0
A9: 8 | B9: CG | C9: 2 | D9: 5 | E9: =((D9-C9)/D9)*100 -> 60
A10: 9 | B10: CG | C10: 3 | D10: 3 | E10: =((D10-C10)/D10)*100 -> 0
A11: 10 | B11: CG | C11: 1 | D11: 6 | E11: =((D11-C11)/D11)*100 -> 83.333333
A12: 11 | B12: CG | C12: 6 | D12: 4 | E12: =((D12-C12)/D12)*100 -> -50
A13: 12 | B13: SH | C13: 5 | D13: 5 | E13: =((D13-C13)/D13)*100 -> 0
... A38: 37 | B38: SLEO | C38: 3 | D38: 3 | E38: =((D38-C38)/D38)*100 -> 0

Sheet Hooper_sl
A1: ID | B1: Grp | C1: Pre | D1: Post | E1: D
A2: 1 | B2: CG | C2: 3 | D2: 3 | E2: =((D2-C2)/D2)*100 -> 0
A3: 2 | B3: CG | C3: 4 | D3: 5 | E3: =((D3-C3)/D3)*100 -> 20
A4: 3 | B4: CG | C4: 4 | D4: 3 | E4: =((D4-C4)/D4)*100 -> -33.333333
A5: 4 | B5: CG | C5: 6 | D5: 7 | E5: =((D5-C5)/D5)*100 -> 14.285714
A6: 5 | B6: CG | C6: 3 | D6: 4 | E6: =((D6-C6)/D6)*100 -> 25
A7: 6 | B7: CG | C7: 4 | D7: 5 | E7: =((D7-C7)/D7)*100 -> 20
A8: 7 | B8: CG | C8: 3 | D8: 4 | E8: =((D8-C8)/D8)*100 -> 25
A9: 8 | B9: CG | C9: 2 | D9: 3 | E9: =((D9-C9)/D9)*100 -> 33.333333
A10: 9 | B10: CG | C10: 4 | D10: 4 | E10: =((D10-C10)/D10)*100 -> 0
A11: 10 | B11: CG | C11: 7 | D11: 6 | E11: =((D11-C11)/D11)*100 -> -16.666667
A12: 11 | B12: CG | C12: 5 | D12: 6 | E12: =((D12-C12)/D12)*100 -> 16.666667
A13: 12 | B13: SH | C13: 3 | D13: 2 | E13: =((D13-C13)/D13)*100 -> -50
... A38: 37 | B38: SLEO | C38: 6 | D38: 3 | E38: =((D38-C38)/D38)*100 -> -100

Sheet Hooper_ms
A1: ID | B1: Grp | C1: Pre | D1: Post | E1: D
A2: 1 | B2: CG | C2: 4 | D2: 4 | E2: =((D2-C2)/D2)*100 -> 0
A3: 2 | B3: CG | C3: 3 | D3: 3 | E3: =((D3-C3)/D3)*100 -> 0
A4: 3 | B4: CG | C4: 2 | D4: 3 | E4: =((D4-C4)/D4)*100 -> 33.333333
A5: 4 | B5: CG | C5: 3 | D5: 2 | E5: =((D5-C5)/D5)*100 -> -50
A6: 5 | B6: CG | C6: 5 | D6: 3 | E6: =((D6-C6)/D6)*100 -> -66.666667
A7: 6 | B7: CG | C7: 4 | D7: 4 | E7: =((D7-C7)/D7)*100 -> 0
A8: 7 | B8: CG | C8: 1 | D8: 2 | E8: =((D8-C8)/D8)*100 -> 50
A9: 8 | B9: CG | C9: 4 | D9: 4 | E9: =((D9-C9)/D9)*100 -> 0
A10: 9 | B10: CG | C10: 3 | D10: 4 | E10: =((D10-C10)/D10)*100 -> 25
A11: 10 | B11: CG | C11: 4 | D11: 5 | E11: =((D11-C11)/D11)*100 -> 20
A12: 11 | B12: CG | C12: 5 | D12: 5 | E12: =((D12-C12)/D12)*100 -> 0
A13: 12 | B13: SH | C13: 4 | D13: 4 | E13: =((D13-C13)/D13)*100 -> 0
... A38: 37 | B38: SLEO | C38: 3 | D38: 2 | E38: =((D38-C38)/D38)*100 -> -50

Sheet Hooper_ft
A1: ID | B1: Grp | C1: Pre | D1: Post | E1: D
A2: 1 | B2: CG | C2: 5 | D2: 6 | E2: =((D2-C2)/D2)*100 -> 16.666667
A3: 2 | B3: CG | C3: 4 | D3: 4 | E3: =((D3-C3)/D3)*100 -> 0
A4: 3 | B4: CG | C4: 4 | D4: 4 | E4: =((D4-C4)/D4)*100 -> 0
A5: 4 | B5: CG | C5: 4 | D5: 5 | E5: =((D5-C5)/D5)*100 -> 20
A6: 5 | B6: CG | C6: 4 | D6: 5 | E6: =((D6-C6)/D6)*100 -> 20
A7: 6 | B7: CG | C7: 5 | D7: 5 | E7: =((D7-C7)/D7)*100 -> 0
A8: 7 | B8: CG | C8: 3 | D8: 2 | E8: =((D8-C8)/D8)*100 -> -50
A9: 8 | B9: CG | C9: 5 | D9: 5 | E9: =((D9-C9)/D9)*100 -> 0
A10: 9 | B10: CG | C10: 2 | D10: 2 | E10: =((D10-C10)/D10)*100 -> 0
A11: 10 | B11: CG | C11: 6 | D11: 5 | E11: =((D11-C11)/D11)*100 -> -20
A12: 11 | B12: CG | C12: 6 | D12: 7 | E12: =((D12-C12)/D12)*100 -> 14.285714
A13: 12 | B13: SH | C13: 4 | D13: 4 | E13: =((D13-C13)/D13)*100 -> 0
... A38: 37 | B38: SLEO | C38: 4 | D38: 3 | E38: =((D38-C38)/D38)*100 -> -33.333333

Sheet Hooper_hs
A1: ID | B1: Grp | C1: Pre | D1: Post
A2: 1 | B2: CG | C2: =SUM(Hooper_st!C2,Hooper_sl!C2,Hooper_ms!C2,Hooper_ft!C2) -> 15 | D2: =SUM(Hooper_st!D2,Hooper_sl!D2,Hooper_ms!D2,Hooper_ft!D2) -> 15
A3: 2 | B3: CG | C3: =SUM(Hooper_st!C3,Hooper_sl!C3,Hooper_ms!C3,Hooper_ft!C3) -> 12 | D3: =SUM(Hooper_st!D3,Hooper_sl!D3,Hooper_ms!D3,Hooper_ft!D3) -> 14
A4: 3 | B4: CG | C4: =SUM(Hooper_st!C4,Hooper_sl!C4,Hooper_ms!C4,Hooper_ft!C4) -> 13 | D4: =SUM(Hooper_st!D4,Hooper_sl!D4,Hooper_ms!D4,Hooper_ft!D4) -> 14
A5: 4 | B5: CG | C5: =SUM(Hooper_st!C5,Hooper_sl!C5,Hooper_ms!C5,Hooper_ft!C5) -> 17 | D5: =SUM(Hooper_st!D5,Hooper_sl!D5,Hooper_ms!D5,Hooper_ft!D5) -> 17
A6: 5 | B6: CG | C6: =SUM(Hooper_st!C6,Hooper_sl!C6,Hooper_ms!C6,Hooper_ft!C6) -> 16 | D6: =SUM(Hooper_st!D6,Hooper_sl!D6,Hooper_ms!D6,Hooper_ft!D6) -> 15
A7: 6 | B7: CG | C7: =SUM(Hooper_st!C7,Hooper_sl!C7,Hooper_ms!C7,Hooper_ft!C7) -> 20 | D7: =SUM(Hooper_st!D7,Hooper_sl!D7,Hooper_ms!D7,Hooper_ft!D7) -> 21
A8: 7 | B8: CG | C8: =SUM(Hooper_st!C8,Hooper_sl!C8,Hooper_ms!C8,Hooper_ft!C8) -> 8 | D8: =SUM(Hooper_st!D8,Hooper_sl!D8,Hooper_ms!D8,Hooper_ft!D8) -> 9
A9: 8 | B9: CG | C9: =SUM(Hooper_st!C9,Hooper_sl!C9,Hooper_ms!C9,Hooper_ft!C9) -> 13 | D9: =SUM(Hooper_st!D9,Hooper_sl!D9,Hooper_ms!D9,Hooper_ft!D9) -> 17
A10: 9 | B10: CG | C10: =SUM(Hooper_st!C10,Hooper_sl!C10,Hooper_ms!C10,Hooper_ft!C10) -> 12 | D10: =SUM(Hooper_st!D10,Hooper_sl!D10,Hooper_ms!D10,Hooper_ft!D10) -> 13
A11: 10 | B11: CG | C11: =SUM(Hooper_st!C11,Hooper_sl!C11,Hooper_ms!C11,Hooper_ft!C11) -> 18 | D11: =SUM(Hooper_st!D11,Hooper_sl!D11,Hooper_ms!D11,Hooper_ft!D11) -> 22
A12: 11 | B12: CG | C12: =SUM(Hooper_st!C12,Hooper_sl!C12,Hooper_ms!C12,Hooper_ft!C12) -> 22 | D12: =SUM(Hooper_st!D12,Hooper_sl!D12,Hooper_ms!D12,Hooper_ft!D12) -> 22
A13: 12 | B13: SH | C13: =SUM(Hooper_st!C13,Hooper_sl!C13,Hooper_ms!C13,Hooper_ft!C13) -> 16 | D13: =SUM(Hooper_st!D13,Hooper_sl!D13,Hooper_ms!D13,Hooper_ft!D13) -> 15
... A38: 37 | B38: SLEO | C38: =SUM(Hooper_st!C38,Hooper_sl!C38,Hooper_ms!C38,Hooper_ft!C38) -> 16 | D38: =SUM(Hooper_st!D38,Hooper_sl!D38,Hooper_ms!D38,Hooper_ft!D38) -> 11

Sheet BRUMS
A1: ID | B1: 1 | C1: 2 | D1: 3 | E1: 4 | F1: 5 | G1: 6 | H1: 7 | I1: 8 | J1: 9 | K1: 10 | L1: 11 | M1: 12 | N1: 13 | O1: 14 | P1: 15 | Q1: 16 | R1: 17 | S1: 18 | T1: 19 | U1: 20 | V1: 21 | W1: 22 | X1: 23 | Y1: 24 | Z1: 25 | AA1: 26 | AB1: 27 | AC1: 28 | AD1: 29 | AE1: 30 | AF1: 31 | AG1: 32 | AI1: Anger1 | AJ1: Tension1 | AK1: Depression2 | AL1: Vigour1 | AM1: Fatigue1 | AN1: Confusion1 | AO1: Happy1 | AP1: Calmness1 | AS1: ID | AT1: 1 | AU1: 2 | AV1: 3 | AW1: 4 | AX1: 5 | AY1: 6 | AZ1: 7 | BA1: 8 | BB1: 9 | BC1: 10 | BD1: 11 | BE1: 12 | BF1: 13 | BG1: 14 | BH1: 15 | BI1: 16 | BJ1: 17 | BK1: 18 | BL1: 19 | BM1: 20 | BN1: 21 | BO1: 22 | BP1: 23 | BQ1: 24 | BR1: 25 | BS1: 26 | BT1: 27 | BU1: 28 | BV1: 29 | BW1: 30 | BX1: 31 | BY1: 32 | CA1: Anger | CB1: Tension | CC1: Depression | CD1: Vigour | CE1: Fatigue | CF1: Confusion | CG1: Happy | CH1: Calmness
A2: CG_1 | B2: 3 | C2: 3 | D2: 0 | E2: 0 | F2: 2 | G2: 3 | H2: 3 | I2: 4 | J2: 4 | K2: 4 | L2: 3 | M2: 4 | N2: 0 | O2: 0 | P2: 4 | Q2: 3 | R2: 3 | S2: 3 | T2: 1 | U2: 2 | V2: 1 | W2: 2 | X2: 2 | Y2: 3 | Z2: 2 | AA2: 2 | AB2: 3 | AC2: 0 | AD2: 2 | AE2: 1 | AF2: 1 | AG2: 1 | AI2: =D2+E2+G2+H2 -> 6 | AJ2: =F2+U2+V2+AE2 -> 6 | AK2: =N2+O2+T2+AC2 -> 1 | AL2: =B2+C2+P2+S2 -> 13 | AM2: =Q2+Z2+AA2+AD2 -> 9 | AN2: =L2+AB2+AF2+AG2 -> 8 | AO2: =J2+M2+R2+Y2 -> 14 | AP2: =I2+K2+W2+X2 -> 12 | AS2: CG_1 | AT2: 3 | AU2: 3 | AV2: 0 | AW2: 0 | AX2: 0 | AY2: 0 | AZ2: 1 | BA2: 3 | BB2: 3 | BC2: 3 | BD2: 1 | BE2: 3 | BF2: 0 | BG2: 0 | BH2: 3 | BI2: 2 | BJ2: 3 | BK2: 2 | BL2: 0 | BM2: 1 | BN2: 0 | BO2: 2 | BP2: 2 | BQ2: 2 | BR2: 1 | BS2: 1 | BT2: 1 | BU2: 0 | BV2: 1 | BW2: 0 | BX2: 1 | BY2: 0 | CA2: =AV2+AW2+AY2+AZ2 -> 1 | CB2: =AX2+BM2+BN2+BW2 -> 1 | CC2: =BF2+BG2+BL2+BU2 -> 0 | CD2: =AT2+AU2+BH2+BK2 -> 11 | CE2: =BI2+BR2+BS2+BV2 -> 5 | CF2: =BD2+BT2+BX2+BY2 -> 3 | CG2: =BB2+BE2+BJ2+BQ2 -> 11 | CH2: =BA2+BC2+BO2+BP2 -> 10
A3: CG_2 | B3: 4 | C3: 4 | D3: 0 | E3: 0 | F3: 0 | G3: 0 | H3: 0 | I3: 4 | J3: 2 | K3: 4 | L3: 0 | M3: 3 | N3: 0 | O3: 0 | P3: 3 | Q3: 0 | R3: 2 | S3: 3 | T3: 0 | U3: 0 | V3: 0 | W3: 4 | X3: 4 | Y3: 3 | Z3: 0 | AA3: 0 | AB3: 0 | AC3: 2 | AD3: 0 | AE3: 0 | AF3: 0 | AG3: 0 | AI3: =D3+E3+G3+H3 -> 0 | AJ3: =F3+U3+V3+AE3 -> 0 | AK3: =N3+O3+T3+AC3 -> 2 | AL3: =B3+C3+P3+S3 -> 14 | AM3: =Q3+Z3+AA3+AD3 -> 0 | AN3: =L3+AB3+AF3+AG3 -> 0 | AO3: =J3+M3+R3+Y3 -> 10 | AP3: =I3+K3+W3+X3 -> 16 | AS3: CG_2 | AT3: 3 | AU3: 3 | AV3: 0 | AW3: 0 | AX3: 0 | AY3: 0 | AZ3: 0 | BA3: 4 | BB3: 3 | BC3: 4 | BD3: 0 | BE3: 2 | BF3: 0 | BG3: 0 | BH3: 3 | BI3: 1 | BJ3: 3 | BK3: 3 | BL3: 0 | BM3: 0 | BN3: 0 | BO3: 4 | BP3: 4 | BQ3: 3 | BR3: 1 | BS3: 1 | BT3: 1 | BU3: 1 | BV3: 0 | BW3: 0 | BX3: 0 | BY3: 0 | CA3: =AV3+AW3+AY3+AZ3 -> 0 | CB3: =AX3+BM3+BN3+BW3 -> 0 | CC3: =BF3+BG3+BL3+BU3 -> 1 | CD3: =AT3+AU3+BH3+BK3 -> 12 | CE3: =BI3+BR3+BS3+BV3 -> 3 | CF3: =BD3+BT3+BX3+BY3 -> 1 | CG3: =BB3+BE3+BJ3+BQ3 -> 11 | CH3: =BA3+BC3+BO3+BP3 -> 16
A4: CG_3 | B4: 2 | C4: 3 | D4: 1 | E4: 1 | F4: 2 | G4: 0 | H4: 1 | I4: 4 | J4: 4 | K4: 4 | L4: 2 | M4: 2 | N4: 0 | O4: 1 | P4: 3 | Q4: 1 | R4: 3 | S4: 3 | T4: 1 | U4: 1 | V4: 1 | W4: 2 | X4: 3 | Y4: 2 | Z4: 1 | AA4: 2 | AB4: 1 | AC4: 1 | AD4: 0 | AE4: 1 | AF4: 1 | AG4: 2 | AI4: =D4+E4+G4+H4 -> 3 | AJ4: =F4+U4+V4+AE4 -> 5 | AK4: =N4+O4+T4+AC4 -> 3 | AL4: =B4+C4+P4+S4 -> 11 | AM4: =Q4+Z4+AA4+AD4 -> 4 | AN4: =L4+AB4+AF4+AG4 -> 6 | AO4: =J4+M4+R4+Y4 -> 11 | AP4: =I4+K4+W4+X4 -> 13 | AS4: CG_3 | AT4: 2 | AU4: 3 | AV4: 1 | AW4: 2 | AX4: 1 | AY4: 1 | AZ4: 1 | BA4: 3 | BB4: 3 | BC4: 4 | BD4: 2 | BE4: 1 | BF4: 1 | BG4: 0 | BH4: 3 | BI4: 2 | BJ4: 3 | BK4: 3 | BL4: 2 | BM4: 1 | BN4: 1 | BO4: 2 | BP4: 1 | BQ4: 1 | BR4: 2 | BS4: 3 | BT4: 1 | BU4: 1 | BV4: 1 | BW4: 3 | BX4: 2 | BY4: 1 | CA4: =AV4+AW4+AY4+AZ4 -> 5 | CB4: =AX4+BM4+BN4+BW4 -> 6 | CC4: =BF4+BG4+BL4+BU4 -> 4 | CD4: =AT4+AU4+BH4+BK4 -> 11 | CE4: =BI4+BR4+BS4+BV4 -> 8 | CF4: =BD4+BT4+BX4+BY4 -> 6 | CG4: =BB4+BE4+BJ4+BQ4 -> 8 | CH4: =BA4+BC4+BO4+BP4 -> 10
A5: CG_4 | B5: 4 | C5: 4 | D5: 0 | E5: 0 | F5: 1 | G5: 0 | H5: 2 | I5: 3 | J5: 4 | K5: 3 | L5: 0 | M5: 3 | N5: 0 | O5: 0 | P5: 4 | Q5: 2 | R5: 4 | S5: 4 | T5: 0 | U5: 0 | V5: 0 | W5: 3 | X5: 4 | Y5: 4 | Z5: 4 | AA5: 3 | AB5: 2 | AC5: 1 | AD5: 0 | AE5: 0 | AF5: 0 | AG5: 0 | AI5: =D5+E5+G5+H5 -> 2 | AJ5: =F5+U5+V5+AE5 -> 1 | AK5: =N5+O5+T5+AC5 -> 1 | AL5: =B5+C5+P5+S5 -> 16 | AM5: =Q5+Z5+AA5+AD5 -> 9 | AN5: =L5+AB5+AF5+AG5 -> 2 | AO5: =J5+M5+R5+Y5 -> 15 | AP5: =I5+K5+W5+X5 -> 13 | AS5: CG_4 | AT5: 4 | AU5: 4 | AV5: 1 | AW5: 0 | AX5: 0 | AY5: 0 | AZ5: 1 | BA5: 2 | BB5: 4 | BC5: 2 | BD5: 0 | BE5: 1 | BF5: 0 | BG5: 0 | BH5: 4 | BI5: 0 | BJ5: 4 | BK5: 3 | BL5: 0 | BM5: 0 | BN5: 0 | BO5: 3 | BP5: 3 | BQ5: 3 | BR5: 1 | BS5: 0 | BT5: 0 | BU5: 0 | BV5: 0 | BW5: 0 | BX5: 0 | BY5: 0 | CA5: =AV5+AW5+AY5+AZ5 -> 2 | CB5: =AX5+BM5+BN5+BW5 -> 0 | CC5: =BF5+BG5+BL5+BU5 -> 0 | CD5: =AT5+AU5+BH5+BK5 -> 15 | CE5: =BI5+BR5+BS5+BV5 -> 1 | CF5: =BD5+BT5+BX5+BY5 -> 0 | CG5: =BB5+BE5+BJ5+BQ5 -> 12 | CH5: =BA5+BC5+BO5+BP5 -> 10
A6: CG_5 | B6: 4 | C6: 1 | D6: 0 | E6: 1 | F6: 3 | G6: 4 | H6: 2 | I6: 2 | J6: 2 | K6: 1 | L6: 0 | M6: 3 | N6: 0 | O6: 0 | P6: 2 | Q6: 1 | R6: 3 | S6: 2 | T6: 1 | U6: 0 | V6: 0 | W6: 2 | X6: 2 | Y6: 3 | Z6: 4 | AA6: 3 | AB6: 1 | AC6: 3 | AD6: 1 | AE6: 0 | AF6: 0 | AG6: 3 | AI6: =D6+E6+G6+H6 -> 7 | AJ6: =F6+U6+V6+AE6 -> 3 | AK6: =N6+O6+T6+AC6 -> 4 | AL6: =B6+C6+P6+S6 -> 9 | AM6: =Q6+Z6+AA6+AD6 -> 9 | AN6: =L6+AB6+AF6+AG6 -> 4 | AO6: =J6+M6+R6+Y6 -> 11 | AP6: =I6+K6+W6+X6 -> 7 | AS6: CG_5 | AT6: 2 | AU6: 3 | AV6: 0 | AW6: 0 | AX6: 0 | AY6: 0 | AZ6: 3 | BA6: 3 | BB6: 3 | BC6: 2 | BD6: 1 | BE6: 2 | BF6: 0 | BG6: 0 | BH6: 2 | BI6: 0 | BJ6: 3 | BK6: 3 | BL6: 0 | BM6: 0 | BN6: 0 | BO6: 2 | BP6: 2 | BQ6: 2 | BR6: 1 | BS6: 2 | BT6: 0 | BU6: 0 | BV6: 1 | BW6: 1 | BX6: 0 | BY6: 1 | CA6: =AV6+AW6+AY6+AZ6 -> 3 | CB6: =AX6+BM6+BN6+BW6 -> 1 | CC6: =BF6+BG6+BL6+BU6 -> 0 | CD6: =AT6+AU6+BH6+BK6 -> 10 | CE6: =BI6+BR6+BS6+BV6 -> 4 | CF6: =BD6+BT6+BX6+BY6 -> 2 | CG6: =BB6+BE6+BJ6+BQ6 -> 10 | CH6: =BA6+BC6+BO6+BP6 -> 9
A7: CG_6 | B7: 1 | C7: 0 | D7: 2 | E7: 4 | F7: 4 | G7: 1 | H7: 0 | I7: 4 | J7: 1 | K7: 4 | L7: 0 | M7: 0 | N7: 0 | O7: 0 | P7: 1 | Q7: 2 | R7: 0 | S7: 0 | T7: 4 | U7: 4 | V7: 0 | W7: 0 | X7: 0 | Y7: 2 | Z7: 4 | AA7: 2 | AB7: 4 | AC7: 4 | AD7: 2 | AE7: 4 | AF7: 4 | AG7: 4 | AI7: =D7+E7+G7+H7 -> 7 | AJ7: =F7+U7+V7+AE7 -> 12 | AK7: =N7+O7+T7+AC7 -> 8 | AL7: =B7+C7+P7+S7 -> 2 | AM7: =Q7+Z7+AA7+AD7 -> 10 | AN7: =L7+AB7+AF7+AG7 -> 12 | AO7: =J7+M7+R7+Y7 -> 3 | AP7: =I7+K7+W7+X7 -> 8 | AS7: CG_6 | AT7: 1 | AU7: 0 | AV7: 4 | AW7: 4 | AX7: 4 | AY7: 2 | AZ7: 2 | BA7: 1 | BB7: 1 | BC7: 1 | BD7: 1 | BE7: 4 | BF7: 4 | BG7: 4 | BH7: 1 | BI7: 2 | BJ7: 1 | BK7: 1 | BL7: 4 | BM7: 4 | BN7: 0 | BO7: 1 | BP7: 1 | BQ7: 4 | BR7: 4 | BS7: 1 | BT7: 0 | BU7: 4 | BV7: 1 | BW7: 4 | BX7: 4 | BY7: 4 | CA7: =AV7+AW7+AY7+AZ7 -> 12 | CB7: =AX7+BM7+BN7+BW7 -> 12 | CC7: =BF7+BG7+BL7+BU7 -> 16 | CD7: =AT7+AU7+BH7+BK7 -> 3 | CE7: =BI7+BR7+BS7+BV7 -> 8 | CF7: =BD7+BT7+BX7+BY7 -> 9 | CG7: =BB7+BE7+BJ7+BQ7 -> 10 | CH7: =BA7+BC7+BO7+BP7 -> 4
A8: CG_7 | B8: 4 | C8: 4 | D8: 1 | E8: 0 | F8: 0 | G8: 0 | H8: 0 | I8: 4 | J8: 4 | K8: 4 | L8: 0 | M8: 4 | N8: 0 | O8: 0 | P8: 4 | Q8: 0 | R8: 4 | S8: 4 | T8: 0 | U8: 0 | V8: 0 | W8: 4 | X8: 4 | Y8: 4 | Z8: 0 | AA8: 0 | AB8: 0 | AC8: 0 | AD8: 0 | AE8: 0 | AF8: 0 | AG8: 0 | AI8: =D8+E8+G8+H8 -> 1 | AJ8: =F8+U8+V8+AE8 -> 0 | AK8: =N8+O8+T8+AC8 -> 0 | AL8: =B8+C8+P8+S8 -> 16 | AM8: =Q8+Z8+AA8+AD8 -> 0 | AN8: =L8+AB8+AF8+AG8 -> 0 | AO8: =J8+M8+R8+Y8 -> 16 | AP8: =I8+K8+W8+X8 -> 16 | AS8: CG_7 | AT8: 4 | AU8: 4 | AV8: 0 | AW8: 0 | AX8: 0 | AY8: 0 | AZ8: 0 | BA8: 4 | BB8: 4 | BC8: 4 | BD8: 0 | BE8: 4 | BF8: 0 | BG8: 0 | BH8: 4 | BI8: 0 | BJ8: 4 | BK8: 4 | BL8: 0 | BM8: 0 | BN8: 0 | BO8: 4 | BP8: 4 | BQ8: 4 | BR8: 0 | BS8: 0 | BT8: 0 | BU8: 0 | BV8: 0 | BW8: 0 | BX8: 0 | BY8: 0 | CA8: =AV8+AW8+AY8+AZ8 -> 0 | CB8: =AX8+BM8+BN8+BW8 -> 0 | CC8: =BF8+BG8+BL8+BU8 -> 0 | CD8: =AT8+AU8+BH8+BK8 -> 16 | CE8: =BI8+BR8+BS8+BV8 -> 0 | CF8: =BD8+BT8+BX8+BY8 -> 0 | CG8: =BB8+BE8+BJ8+BQ8 -> 16 | CH8: =BA8+BC8+BO8+BP8 -> 16
A9: CG_8 | B9: 2 | C9: 1 | D9: 0 | E9: 0 | F9: 0 | G9: 1 | H9: 2 | I9: 4 | J9: 3 | K9: 2 | L9: 0 | M9: 2 | N9: 0 | O9: 0 | P9: 1 | Q9: 2 | R9: 3 | S9: 2 | T9: 0 | U9: 1 | V9: 0 | W9: 2 | X9: 2 | Y9: 3 | Z9: 3 | AA9: 2 | AB9: 1 | AC9: 1 | AD9: 2 | AE9: 1 | AF9: 1 | AG9: 2 | AI9: =D9+E9+G9+H9 -> 3 | AJ9: =F9+U9+V9+AE9 -> 2 | AK9: =N9+O9+T9+AC9 -> 1 | AL9: =B9+C9+P9+S9 -> 6 | AM9: =Q9+Z9+AA9+AD9 -> 9 | AN9: =L9+AB9+AF9+AG9 -> 4 | AO9: =J9+M9+R9+Y9 -> 11 | AP9: =I9+K9+W9+X9 -> 10 | AS9: CG_8 | AT9: 2 | AU9: 3 | AV9: 1 | AW9: 0 | AX9: 1 | AY9: 0 | AZ9: 2 | BA9: 3 | BB9: 3 | BC9: 2 | BD9: 1 | BE9: 2 | BF9: 0 | BG9: 0 | BH9: 2 | BI9: 2 | BJ9: 3 | BK9: 2 | BL9: 0 | BM9: 1 | BN9: 0 | BO9: 2 | BP9: 2 | BQ9: 2 | BR9: 3 | BS9: 2 | BT9: 2 | BU9: 1 | BV9: 0 | BW9: 2 | BX9: 2 | BY9: 2 | CA9: =AV9+AW9+AY9+AZ9 -> 3 | CB9: =AX9+BM9+BN9+BW9 -> 4 | CC9: =BF9+BG9+BL9+BU9 -> 1 | CD9: =AT9+AU9+BH9+BK9 -> 9 | CE9: =BI9+BR9+BS9+BV9 -> 7 | CF9: =BD9+BT9+BX9+BY9 -> 7 | CG9: =BB9+BE9+BJ9+BQ9 -> 10 | CH9: =BA9+BC9+BO9+BP9 -> 9
A10: CG_9 | B10: 4 | C10: 3 | D10: 1 | E10: 0 | F10: 0 | G10: 1 | H10: 0 | I10: 3 | J10: 4 | K10: 4 | L10: 1 | M10: 2 | N10: 0 | O10: 0 | P10: 2 | Q10: 0 | R10: 2 | S10: 2 | T10: 0 | U10: 1 | V10: 0 | W10: 2 | X10: 2 | Y10: 2 | Z10: 1 | AA10: 1 | AB10: 1 | AC10: 0 | AD10: 0 | AE10: 0 | AF10: 0 | AG10: 0 | AI10: =D10+E10+G10+H10 -> 2 | AJ10: =F10+U10+V10+AE10 -> 1 | AK10: =N10+O10+T10+AC10 -> 0 | AL10: =B10+C10+P10+S10 -> 11 | AM10: =Q10+Z10+AA10+AD10 -> 2 | AN10: =L10+AB10+AF10+AG10 -> 2 | AO10: =J10+M10+R10+Y10 -> 10 | AP10: =I10+K10+W10+X10 -> 11 | AS10: CG_9 | AT10: 2 | AU10: 4 | AV10: 0 | AW10: 0 | AX10: 0 | AY10: 0 | AZ10: 0 | BA10: 2 | BB10: 1 | BC10: 4 | BD10: 2 | BE10: 3 | BF10: 0 | BG10: 0 | BH10: 2 | BI10: 0 | BJ10: 2 | BK10: 2 | BL10: 0 | BM10: 0 | BN10: 0 | BO10: 2 | BP10: 2 | BQ10: 2 | BR10: 1 | BS10: 1 | BT10: 1 | BU10: 0 | BV10: 1 | BW10: 1 | BX10: 0 | BY10: 0 | CA10: =AV10+AW10+AY10+AZ10 -> 0 | CB10: =AX10+BM10+BN10+BW10 -> 1 | CC10: =BF10+BG10+BL10+BU10 -> 0 | CD10: =AT10+AU10+BH10+BK10 -> 10 | CE10: =BI10+BR10+BS10+BV10 -> 3 | CF10: =BD10+BT10+BX10+BY10 -> 3 | CG10: =BB10+BE10+BJ10+BQ10 -> 8 | CH10: =BA10+BC10+BO10+BP10 -> 10
A11: CG_10 | B11: 1 | C11: 1 | D11: 2 | E11: 4 | F11: 2 | G11: 3 | H11: 0 | I11: 4 | J11: 1 | K11: 2 | L11: 4 | M11: 3 | N11: 3 | O11: 3 | P11: 0 | Q11: 2 | R11: 0 | S11: 1 | T11: 4 | U11: 2 | V11: 1 | W11: 1 | X11: 1 | Y11: 0 | Z11: 2 | AA11: 3 | AB11: 1 | AC11: 2 | AD11: 3 | AE11: 1 | AF11: 1 | AG11: 4 | AI11: =D11+E11+G11+H11 -> 9 | AJ11: =F11+U11+V11+AE11 -> 6 | AK11: =N11+O11+T11+AC11 -> 12 | AL11: =B11+C11+P11+S11 -> 3 | AM11: =Q11+Z11+AA11+AD11 -> 10 | AN11: =L11+AB11+AF11+AG11 -> 10 | AO11: =J11+M11+R11+Y11 -> 4 | AP11: =I11+K11+W11+X11 -> 8 | AS11: CG_10 | AT11: 1 | AU11: 2 | AV11: 2 | AW11: 2 | AX11: 2 | AY11: 1 | AZ11: 1 | BA11: 3 | BB11: 4 | BC11: 0 | BD11: 0 | BE11: 4 | BF11: 4 | BG11: 4 | BH11: 0 | BI11: 2 | BJ11: 2 | BK11: 3 | BL11: 1 | BM11: 1 | BN11: 3 | BO11: 0 | BP11: 0 | BQ11: 1 | BR11: 1 | BS11: 2 | BT11: 3 | BU11: 4 | BV11: 3 | BW11: 2 | BX11: 2 | BY11: 2 | CA11: =AV11+AW11+AY11+AZ11 -> 6 | CB11: =AX11+BM11+BN11+BW11 -> 8 | CC11: =BF11+BG11+BL11+BU11 -> 13 | CD11: =AT11+AU11+BH11+BK11 -> 6 | CE11: =BI11+BR11+BS11+BV11 -> 8 | CF11: =BD11+BT11+BX11+BY11 -> 7 | CG11: =BB11+BE11+BJ11+BQ11 -> 11 | CH11: =BA11+BC11+BO11+BP11 -> 3
A12: CG_11 | B12: 1 | C12: 1 | D12: 0 | E12: 3 | F12: 3 | G12: 1 | H12: 1 | I12: 2 | J12: 0 | K12: 1 | L12: 3 | M12: 4 | N12: 3 | O12: 2 | P12: 0 | Q12: 2 | R12: 2 | S12: 0 | T12: 1 | U12: 4 | V12: 2 | W12: 1 | X12: 1 | Y12: 0 | Z12: 3 | AA12: 4 | AB12: 1 | AC12: 2 | AD12: 3 | AE12: 4 | AF12: 0 | AG12: 4 | AI12: =D12+E12+G12+H12 -> 5 | AJ12: =F12+U12+V12+AE12 -> 13 | AK12: =N12+O12+T12+AC12 -> 8 | AL12: =B12+C12+P12+S12 -> 2 | AM12: =Q12+Z12+AA12+AD12 -> 12 | AN12: =L12+AB12+AF12+AG12 -> 8 | AO12: =J12+M12+R12+Y12 -> 6 | AP12: =I12+K12+W12+X12 -> 5 | AS12: CG_11 | AT12: 1 | AU12: 3 | AV12: 3 | AW12: 4 | AX12: 4 | AY12: 2 | AZ12: 0 | BA12: 2 | BB12: 1 | BC12: 1 | BD12: 4 | BE12: 1 | BF12: 2 | BG12: 0 | BH12: 1 | BI12: 3 | BJ12: 2 | BK12: 1 | BL12: 1 | BM12: 3 | BN12: 0 | BO12: 1 | BP12: 2 | BQ12: 2 | BR12: 3 | BS12: 4 | BT12: 2 | BU12: 2 | BV12: 3 | BW12: 3 | BX12: 1 | BY12: 3 | CA12: =AV12+AW12+AY12+AZ12 -> 9 | CB12: =AX12+BM12+BN12+BW12 -> 10 | CC12: =BF12+BG12+BL12+BU12 -> 5 | CD12: =AT12+AU12+BH12+BK12 -> 6 | CE12: =BI12+BR12+BS12+BV12 -> 13 | CF12: =BD12+BT12+BX12+BY12 -> 10 | CG12: =BB12+BE12+BJ12+BQ12 -> 6 | CH12: =BA12+BC12+BO12+BP12 -> 6
A13: SH_1 | B13: 2 | C13: 1 | D13: 1 | E13: 2 | F13: 3 | G13: 3 | H13: 2 | I13: 3 | J13: 3 | K13: 2 | L13: 2 | M13: 2 | N13: 3 | O13: 3 | P13: 2 | Q13: 4 | R13: 2 | S13: 1 | T13: 1 | U13: 1 | V13: 0 | W13: 2 | X13: 2 | Y13: 2 | Z13: 4 | AA13: 4 | AB13: 2 | AC13: 0 | AD13: 3 | AE13: 3 | AF13: 3 | AG13: 4 | AI13: =D13+E13+G13+H13 -> 8 | AJ13: =F13+U13+V13+AE13 -> 7 | AK13: =N13+O13+T13+AC13 -> 7 | AL13: =B13+C13+P13+S13 -> 6 | AM13: =Q13+Z13+AA13+AD13 -> 15 | AN13: =L13+AB13+AF13+AG13 -> 11 | AO13: =J13+M13+R13+Y13 -> 9 | AP13: =I13+K13+W13+X13 -> 9 | AS13: SH_1 | AT13: 1 | AU13: 2 | AV13: 1 | AW13: 3 | AX13: 3 | AY13: 2 | AZ13: 2 | BA13: 2 | BB13: 1 | BC13: 2 | BD13: 3 | BE13: 2 | BF13: 3 | BG13: 3 | BH13: 2 | BI13: 4 | BJ13: 2 | BK13: 1 | BL13: 3 | BM13: 2 | BN13: 0 | BO13: 2 | BP13: 2 | BQ13: 2 | BR13: 4 | BS13: 4 | BT13: 1 | BU13: 2 | BV13: 3 | BW13: 3 | BX13: 3 | BY13: 4 | CA13: =AV13+AW13+AY13+AZ13 -> 8 | CB13: =AX13+BM13+BN13+BW13 -> 8 | CC13: =BF13+BG13+BL13+BU13 -> 11 | CD13: =AT13+AU13+BH13+BK13 -> 6 | CE13: =BI13+BR13+BS13+BV13 -> 15 | CF13: =BD13+BT13+BX13+BY13 -> 11 | CG13: =BB13+BE13+BJ13+BQ13 -> 7 | CH13: =BA13+BC13+BO13+BP13 -> 8
... A38: SLEO_10 | B38: 2 | C38: 3 | D38: 0 | E38: 0 | F38: 0 | G38: 0 | H38: 3 | I38: 3 | J38: 3 | K38: 2 | L38: 1 | M38: 2 | N38: 0 | O38: 0 | P38: 2 | Q38: 2 | R38: 3 | S38: 3 | T38: 0 | U38: 0 | V38: 0 | W38: 2 | X38: 2 | Y38: 2 | Z38: 2 | AA38: 2 | AB38: 0 | AC38: 0 | AD38: 1 | AE38: 1 | AF38: 0 | AG38: 1 | AI38: =D38+E38+G38+H38 -> 3 | AJ38: =F38+U38+V38+AE38 -> 1 | AK38: =N38+O38+T38+AC38 -> 0 | AL38: =B38+C38+P38+S38 -> 10 | AM38: =Q38+Z38+AA38+AD38 -> 7 | AN38: =L38+AB38+AF38+AG38 -> 2 | AO38: =J38+M38+R38+Y38 -> 10 | AP38: =I38+K38+W38+X38 -> 9 | AS38: SLEO_10 | AT38: 1 | AU38: 1 | AV38: 0 | AW38: 0 | AX38: 0 | AY38: 0 | AZ38: 0 | BA38: 2 | BB38: 2 | BC38: 2 | BD38: 1 | BE38: 2 | BF38: 0 | BG38: 0 | BH38: 1 | BI38: 1 | BJ38: 2 | BK38: 1 | BL38: 0 | BM38: 0 | BN38: 0 | BO38: 2 | BP38: 2 | BQ38: 2 | BR38: 2 | BS38: 1 | BT38: 2 | BU38: 1 | BV38: 1 | BW38: 1 | BX38: 0 | BY38: 0 | CA38: =AV38+AW38+AY38+AZ38 -> 0 | CB38: =AX38+BM38+BN38+BW38 -> 1 | CC38: =BF38+BG38+BL38+BU38 -> 1 | CD38: =AT38+AU38+BH38+BK38 -> 4 | CE38: =BI38+BR38+BS38+BV38 -> 5 | CF38: =BD38+BT38+BX38+BY38 -> 3 | CG38: =BB38+BE38+BJ38+BQ38 -> 8 | CH38: =BA38+BC38+BO38+BP38 -> 8

Sheet ANG
A1: ID | B1: Grp | C1: Pre | D1: Post
A2: 1 | B2: CG | C2: 6 | D2: 1
A3: 2 | B3: CG | C3: 0 | D3: 0
A4: 3 | B4: CG | C4: 3 | D4: 5
A5: 4 | B5: CG | C5: 2 | D5: 2
A6: 5 | B6: CG | C6: 7 | D6: 3
A7: 6 | B7: CG | C7: 7 | D7: 12
A8: 7 | B8: CG | C8: 1 | D8: 0
A9: 8 | B9: CG | C9: 3 | D9: 3
A10: 9 | B10: CG | C10: 2 | D10: 0
A11: 10 | B11: CG | C11: 9 | D11: 6
A12: 11 | B12: CG | C12: 5 | D12: 9
A13: 12 | B13: SH | C13: 8 | D13: 8
... A38: 37 | B38: SLEO | C38: 3 | D38: 0

Sheet TS
A1: ID | B1: Grp | C1: Pre | D1: Post
A2: 1 | B2: CG | C2: 6 | D2: 1
A3: 2 | B3: CG | C3: 0 | D3: 0
A4: 3 | B4: CG | C4: 5 | D4: 6
A5: 4 | B5: CG | C5: 1 | D5: 0
A6: 5 | B6: CG | C6: 3 | D6: 1
A7: 6 | B7: CG | C7: 12 | D7: 12
A8: 7 | B8: CG | C8: 0 | D8: 0
A9: 8 | B9: CG | C9: 2 | D9: 4
A10: 9 | B10: CG | C10: 1 | D10: 1
A11: 10 | B11: CG | C11: 6 | D11: 8
A12: 11 | B12: CG | C12: 13 | D12: 10
A13: 12 | B13: SH | C13: 7 | D13: 8
... A38: 37 | B38: SLEO | C38: 1 | D38: 1

Sheet DEP
A1: ID | B1: Grp | C1: Pre | D1: Post
A2: 1 | B2: CG | C2: 1 | D2: 0
A3: 2 | B3: CG | C3: 2 | D3: 1
A4: 3 | B4: CG | C4: 3 | D4: 4
A5: 4 | B5: CG | C5: 1 | D5: 0
A6: 5 | B6: CG | C6: 4 | D6: 0
A7: 6 | B7: CG | C7: 8 | D7: 16
A8: 7 | B8: CG | C8: 0 | D8: 0
A9: 8 | B9: CG | C9: 1 | D9: 1
A10: 9 | B10: CG | C10: 0 | D10: 0
A11: 10 | B11: CG | C11: 12 | D11: 13
A12: 11 | B12: CG | C12: 8 | D12: 5
A13: 12 | B13: SH | C13: 7 | D13: 11
... A38: 37 | B38: SLEO | C38: 0 | D38: 1

Sheet VIG
A1: ID | B1: Grp | C1: Pre | D1: Post
A2: 1 | B2: CG | C2: 13 | D2: 11
A3: 2 | B3: CG | C3: 14 | D3: 12
A4: 3 | B4: CG | C4: 11 | D4: 11
A5: 4 | B5: CG | C5: 16 | D5: 15
A6: 5 | B6: CG | C6: 9 | D6: 10
A7: 6 | B7: CG | C7: 2 | D7: 3
A8: 7 | B8: CG | C8: 16 | D8: 16
A9: 8 | B9: CG | C9: 6 | D9: 9
A10: 9 | B10: CG | C10: 11 | D10: 10
A11: 10 | B11: CG | C11: 3 | D11: 6
A12: 11 | B12: CG | C12: 2 | D12: 6
A13: 12 | B13: SH | C13: 6 | D13: 6
... A38: 37 | B38: SLEO | C38: 10 | D38: 4

Sheet FAT
A1: ID | B1: Grp | C1: Pre | D1: Post
A2: 1 | B2: CG | C2: 15 | D2: 15
A3: 2 | B3: CG | C3: 5 | D3: 5
A4: 3 | B4: CG | C4: 3 | D4: 3
A5: 4 | B5: CG | C5: 9 | D5: 13
A6: 5 | B6: CG | C6: 7 | D6: 10
A7: 6 | B7: CG | C7: 5 | D7: 6
A8: 7 | B8: CG | C8: 4 | D8: 2
A9: 8 | B9: CG | C9: 6 | D9: 12
A10: 9 | B10: CG | C10: 2 | D10: 3
A11: 10 | B11: CG | C11: 10 | D11: 8
A12: 11 | B12: CG | C12: 12 | D12: 13
A13: 12 | B13: SH | C13: 10 | D13: 11
... A38: 37 | B38: SLEO | C38: 7 | D38: 5

Sheet CONF
A1: ID | B1: Grp | C1: Pre | D1: Post
A2: 1 | B2: CG | C2: 8 | D2: 3
A3: 2 | B3: CG | C3: 0 | D3: 1
A4: 3 | B4: CG | C4: 6 | D4: 6
A5: 4 | B5: CG | C5: 2 | D5: 0
A6: 5 | B6: CG | C6: 4 | D6: 2
A7: 6 | B7: CG | C7: 12 | D7: 9
A8: 7 | B8: CG | C8: 0 | D8: 0
A9: 8 | B9: CG | C9: 4 | D9: 7
A10: 9 | B10: CG | C10: 2 | D10: 3
A11: 10 | B11: CG | C11: 10 | D11: 7
A12: 11 | B12: CG | C12: 8 | D12: 10
A13: 12 | B13: SH | C13: 11 | D13: 11
... A38: 37 | B38: SLEO | C38: 2 | D38: 3

Sheet HP
A1: ID | B1: Grp | C1: Pre | D1: Post
A2: 1 | B2: CG | C2: 14 | D2: 11
A3: 2 | B3: CG | C3: 10 | D3: 11
A4: 3 | B4: CG | C4: 11 | D4: 8
A5: 4 | B5: CG | C5: 15 | D5: 12
A6: 5 | B6: CG | C6: 11 | D6: 10
A7: 6 | B7: CG | C7: 3 | D7: 10
A8: 7 | B8: CG | C8: 16 | D8: 16
A9: 8 | B9: CG | C9: 11 | D9: 10
A10: 9 | B10: CG | C10: 10 | D10: 8
A11: 10 | B11: CG | C11: 4 | D11: 11
A12: 11 | B12: CG | C12: 6 | D12: 6
A13: 12 | B13: SH | C13: 9 | D13: 7
... A38: 37 | B38: SLEO | C38: 10 | D38: 8

Sheet CALM
A1: ID | B1: Grp | C1: Pre | D1: Post
A2: 1 | B2: CG | C2: 12 | D2: 10
A3: 2 | B3: CG | C3: 16 | D3: 16
A4: 3 | B4: CG | C4: 13 | D4: 10
A5: 4 | B5: CG | C5: 13 | D5: 10
A6: 5 | B6: CG | C6: 7 | D6: 9
A7: 6 | B7: CG | C7: 8 | D7: 4
A8: 7 | B8: CG | C8: 16 | D8: 16
A9: 8 | B9: CG | C9: 10 | D9: 9
A10: 9 | B10: CG | C10: 11 | D10: 10
A11: 10 | B11: CG | C11: 8 | D11: 3
A12: 11 | B12: CG | C12: 5 | D12: 6
A13: 12 | B13: SH | C13: 9 | D13: 8
... A38: 37 | B38: SLEO | C38: 9 | D38: 8
